tweet_id,user_id,retweet_from,user_name,user_location,post_date,user_bio,believes_legitimate,tweet_text_body
http://twitter.com/BlkGB/statuses/901445776034942976 ,967255764, None , From Blk GB ," ALLover, GB ", 2017-08-26T14:06:35.000Z ," Bashment Neutral From Eva. Words on the excitings .. of UK Black shows .. and mebbe likl sum brawta fi top. (9 mth nu change up ting (not 10,12,01). Req taken.) ", True , &lt;b&gt;Black Lives&lt;/b&gt; Matter THUGS Blocking Emergency Crews From Reaching Hurricane Victims: Emergency crews are https://t.co/VLPto24wf0
http://twitter.com/leoprz2016/statuses/901472719866396673 ,3545688979, None , LeePerez ," San Antonio, TX ", 2017-08-26T15:53:39.000Z ," Family Man, Army Vet, loves music specially if my kids are the ones playing ", True , Black Lives Matter THUGS Blocking Emergency Crews From Reaching Hurricane Victims https://t.co/I2KUwECTbX
http://twitter.com/leoprz2016/statuses/901472719866396673 ,2920659436,3545688979, Tony R ," Trump, USA ", 2017-08-26T15:53:39.000Z ," Family Man, Army Vet, loves music specially if my kids are the ones playing ", True , RT @leoprz2016: Black Lives Matter THUGS Blocking Emergency Crews From Reaching Hurricane Victims https://t.co/I2KUwECTbX
http://twitter.com/contrarian11/statuses/901487001043652609 ,312260303, None , Contrarian ,  , 2017-08-26T16:50:24.000Z , Conservative trying to retain my sense of humor in the bluest of blue states. Not PC! #IStandWithIsrael List=block    Proudly blocked by John Cusack! , True , Black Lives Matter THUGS Blocking Emergency Crews From Reaching Hurricane Victims https://t.co/ATzNCUBpuB
http://twitter.com/leoprz2016/statuses/901472719866396673 ,4776334706,3545688979, PERSIST USA PATRIOTS ," Texas, USA ", 2017-08-26T15:53:39.000Z , NON-PC Conservative Patriot  GOD BLESS AMERICA!! #Cruz2018 #2A #1A #BanSharia #NoAmnesty #AmericaFirst #MAGA , True , RT @leoprz2016: Black Lives Matter THUGS Blocking Emergency Crews From Reaching Hurricane Victims https://t.co/I2KUwECTbX
http://twitter.com/ZoeySchmaltz/statuses/901489049449385985 ,8.90813E+17, None , Zoey Schmaltz ," Goodyear, AZ ", 2017-08-26T16:58:32.000Z ," Conservative, married, with a dog ", True , Black Lives Matter THUGS Blocking Emergency Crews From Reaching Hurricane Victims https://t.co/ohg8jqxkVW
http://twitter.com/leoprz2016/statuses/901472719866396673 ,894004188,3545688979, America First , Deplorable Chicago , 2017-08-26T15:53:39.000Z , Husband and father. Independant who voted Trump. Just here to give my political opinions and maybe comment on some sports. , True , RT @leoprz2016: Black Lives Matter THUGS Blocking Emergency Crews From Reaching Hurricane Victims https://t.co/I2KUwECTbX
http://twitter.com/leoprz2016/statuses/901472719866396673 ,7.41029E+17,3545688979, Johor jones ," Delaware, USA ", 2017-08-26T15:53:39.000Z ," #MAGA #Deplorable #TRUMP #LovemyPresident #hate snowflakes, libtards can kiss my ass, I support the BLUE! 2nd Amendment and GOD! ", True , RT @leoprz2016: Black Lives Matter THUGS Blocking Emergency Crews From Reaching Hurricane Victims https://t.co/I2KUwECTbX
http://twitter.com/Only1Tabatha/statuses/901490175917903873 ,8.38899E+17, None , Tabatha G ,  , 2017-08-26T17:03:01.000Z ," #MAGA #Deplorable #TRUMP #LovemyPresident #hate snowflakes, libtards can kiss my ass, I support the BLUE! 2nd Amendment and GOD! ", True , Black Lives Matter THUGS Blocking Emergency Crews From Reaching Hurricane Victims https://t.co/VyqZud2eR
http://twitter.com/EveShead/statuses/901490810625167362 ,2716941601, None , Eve Shead ,  , 2017-08-26T17:05:32.000Z , #GodIsInControl #PrayForPotusTrump #TrumpPence2020 #LoveIsrael #BanSharia #BanIslam #BuildTheWall #MAGA #SaveTheUnborn #DefundPP , True , Black Lives Matter THUGS Blocking Emergency Crews From Reaching Hurricane Victims https://t.co/FhTBADo9Nw
http://twitter.com/Carlton96611744/statuses/901491291955093504 ,963338286, None , Carlton ,  , 2017-08-26T17:07:27.000Z , #GodIsInControl #PrayForPotusTrump #TrumpPence2020 #LoveIsrael #BanSharia #BanIslam #BuildTheWall #MAGA #SaveTheUnborn #DefundPP , True , Black Lives Matter THUGS Blocking Emergency Crews From Reaching Hurricane Victims https://t.co/0t1y632duZ
http://twitter.com/blondemercedes2/statuses/901495040605904896 ,28101848, None , diana morgan ,  , 2017-08-26T17:22:21.000Z , #GodIsInControl #PrayForPotusTrump #TrumpPence2020 #LoveIsrael #BanSharia #BanIslam #BuildTheWall #MAGA #SaveTheUnborn #DefundPP , True , Black Lives Matter THUGS Blocking Emergency Crews From Reaching Hurricane VictimsNatl Guard need to handle this ASAP https://t.co/cv6vPK2PXI
http://twitter.com/judycummings85/statuses/901495515644342272 ,2486216971, None , Old Lady ,  , 2017-08-26T17:24:14.000Z , #GodIsInControl #PrayForPotusTrump #TrumpPence2020 #LoveIsrael #BanSharia #BanIslam #BuildTheWall #MAGA #SaveTheUnborn #DefundPP , True , Black Lives Matter THUGS Blocking Emergency Crews From Reaching Hurricane Victims https://t.co/oE1PuejR3m
http://twitter.com/leoprz2016/statuses/901472719866396673 ,3061797379,3545688979, Bama Cash ,  , 2017-08-26T15:53:39.000Z , #GodIsInControl #PrayForPotusTrump #TrumpPence2020 #LoveIsrael #BanSharia #BanIslam #BuildTheWall #MAGA #SaveTheUnborn #DefundPP , True , RT @leoprz2016: Black Lives Matter THUGS Blocking Emergency Crews From Reaching Hurricane Victims https://t.co/I2KUwECTbX
http://twitter.com/leoprz2016/statuses/901472719866396673 ,8.26216E+17,3545688979, Rob Pratt ," Massachusetts, USA ", 2017-08-26T15:53:39.000Z ," Trump from day one, Support #1#2,  #deplorables. #military#Vets #MAGA#bluelivesmatterAmerica 1st. Happily Married #NRA. Live & Let Live No Lists ", True , RT @leoprz2016: Black Lives Matter THUGS Blocking Emergency Crews From Reaching Hurricane Victims https://t.co/I2KUwECTbX
http://twitter.com/leoprz2016/statuses/901472719866396673 ,1347360060,3545688979, William ,  , 2017-08-26T15:53:39.000Z ," Trump from day one, Support #1#2,  #deplorables. #military#Vets #MAGA#bluelivesmatterAmerica 1st. Happily Married #NRA. Live & Let Live No Lists ", True , RT @leoprz2016: Black Lives Matter THUGS Blocking Emergency Crews From Reaching Hurricane Victims https://t.co/I2KUwECTbX
http://twitter.com/leoprz2016/statuses/901472719866396673 ,3974986993,3545688979, Randman ," Missouri, USA ", 2017-08-26T15:53:39.000Z , Small business owner- Independent Trump supporter. Only Trump can Make America Great Again! Trump 2020! , True , RT @leoprz2016: Black Lives Matter THUGS Blocking Emergency Crews From Reaching Hurricane Victims https://t.co/I2KUwECTbX
http://twitter.com/AmitosCendali/statuses/901503508393754624 ,228808611, None , Amitos Cendali , www.facebook.com/AmitosMusic , 2017-08-26T17:56:00.000Z , Music Composer , True , Black Lives Matter THUGS Blocking Emergency Crews From Reaching Hurricane Victims https://t.co/2HDLlQ9ohX
http://twitter.com/david_pellham/statuses/901503646713630721 ,365765318, None , David , Denver CO , 2017-08-26T17:56:33.000Z , http://www.beyond.com/David-Pellham-CO , True , Black Lives Matter THUGS Blocking Emergency Crews From Reaching Hurricane Victims https://t.co/mm5MtDOxoU
http://twitter.com/saietta01/statuses/901504117339815937 ,86856593, None , Santo Attento ," toronto ,ontario , canada ", 2017-08-26T17:58:25.000Z , just an easy going man in his sixties . and canadian go figure!!!!! , True , Black Lives Matter THUGS Blocking Emergency Crews From Reaching Hurricane Victims https://t.co/ZBdHvPcth3
http://twitter.com/jupitersgold/statuses/901506086884302849 ,95482149, None , Cheyanne ,  , 2017-08-26T18:06:14.000Z ," I have multiple Twitter accts on multiple devises,with multiple aliases,but unlike HRC & Obama admin none will get us nuked. Gah gay you e Oo ney  tiah nuh he.. ", True , 'PROOF THEYRE HOMEGROWN TERRORIST' Black Lives Matter THUGS Blocking Emergency Crews From Reaching Hurricane Victims https://t.co/cIbGaCoGoc
http://twitter.com/jupitersgold/statuses/901506086884302849 ,34918119,95482149, Bill Chumley ," Edmond, OK ", 2017-08-26T18:06:14.000Z , Capitalist.  Proud Vet Nam War Veteran.  Trump supporter. MAGA. , True , RT @jupitersgold: 'PROOF THEYRE HOMEGROWN TERRORIST' Black Lives Matter THUGS Blocking Emergency Crews From Reaching Hurricane Victims http
http://twitter.com/leoprz2016/statuses/901472719866396673 ,21019877,3545688979, Ljblack6 ,  , 2017-08-26T15:53:39.000Z ," Born again Christian, wife, mother to 4 grown children, grandma (Nana), Ohio State fan, Colts fan, conservative republican, proud American.  ", True , RT @leoprz2016: Black Lives Matter THUGS Blocking Emergency Crews From Reaching Hurricane Victims https://t.co/I2KUwECTbX
http://twitter.com/jupitersgold/statuses/901506086884302849 ,95482149,95482149, Cheyanne ,  , 2017-08-26T18:06:14.000Z ," I have multiple Twitter accts on multiple devises,with multiple aliases,but unlike HRC & Obama admin none will get us nuked. Gah gay you e Oo ney  tiah nuh he.. ", True , RT @jupitersgold: 'PROOF THEYRE HOMEGROWN TERRORIST' Black Lives Matter THUGS Blocking Emergency Crews From Reaching Hurricane Victims http
http://twitter.com/nwklock/statuses/901516527811182593 ,993751938, None , noel klock ,  , 2017-08-26T18:47:44.000Z ," Speak my mind, strong convictions, won't be bullied, Christian, Pro-life,low tolerance of left thinking, President-Trump #a true leader #maga, ", True , Black Lives Matter THUGS Blocking Emergency Crews From Reaching Hurricane Victims https://t.co/y75B8T3KM9
http://twitter.com/Trichiemd/statuses/901522843099377664 ,55073092, None , Patricia , United States , 2017-08-26T19:12:49.000Z ," Speak my mind, strong convictions, won't be bullied, Christian, Pro-life,low tolerance of left thinking, President-Trump #a true leader #maga, ", True , Black Lives Matter THUGS Blocking Emergency Crews From Reaching Hurricane Victims https://t.co/qFM8JvvJUg
http://twitter.com/sharonhunton/statuses/901529055643791361 ,481219755, None , sharon hunton ," Chester, Massachusetts ", 2017-08-26T19:37:31.000Z ," Speak my mind, strong convictions, won't be bullied, Christian, Pro-life,low tolerance of left thinking, President-Trump #a true leader #maga, ", True , Black Lives Matter THUGS Blocking Emergency Crews From Reaching Hurricane Victims https://t.co/sn6c5ZRN5V
http://twitter.com/beariz96/statuses/901532968031858688 ,1380473012, None , deplorable Linda ," Port St Lucie, FL ", 2017-08-26T19:53:03.000Z , Registered Independent loves this country.My dad served in World War II and raised my brother and I to be patriots.  America and I ride the Trump train! , True , Black Lives Matter THUGS Blocking Emergency Crews From Reaching Hurricane Victims https://t.co/LFSz1mNdSt
http://twitter.com/thematrixqueen/statuses/901540860915048449 ,144712629, None , Gigi Ann ,  , 2017-08-26T20:24:25.000Z ," A Proud Conservative American Woman.  God, Country & Family First #Trump all the way! ", True , Black Lives Matter THUGS Blocking Emergency Crews From Reaching Hurricane Victims https://t.co/WhriWWmQCK
http://twitter.com/thematrixqueen/statuses/901541440722829312 ,144712629, None , Gigi Ann ,  , 2017-08-26T20:26:43.000Z ," A Proud Conservative American Woman.  God, Country & Family First #Trump all the way! ", True , @austinmavd @cnnbrk Black Lives Matter THUGS Blocking Emergency Crews From Reaching Hurricane Victims https://t.co/WhriWWErui
http://twitter.com/thematrixqueen/statuses/901541267007524865 ,144712629, None , Gigi Ann ,  , 2017-08-26T20:26:02.000Z ," A Proud Conservative American Woman.  God, Country & Family First #Trump all the way! ", True , @cnnbrk REPORT THIS! Black Lives Matter THUGS Blocking Emergency Crews From Reaching Hurricane Victims https://t.co/WhriWWmQCK
http://twitter.com/thematrixqueen/statuses/901541707392716801 ,144712629, None , Gigi Ann ,  , 2017-08-26T20:27:47.000Z ," A Proud Conservative American Woman.  God, Country & Family First #Trump all the way! ", True , @Jse_boi @cnnbrk REPORT THIS CNN... Black Lives Matter THUGS Blocking Emergency Crews From Reaching Hurricane Victi https://t.co/PldzlKUjMp
http://twitter.com/cajiedog/statuses/901542803376926721 ,14722132, None , cajiedog ," Cape Canaveral, Florida ", 2017-08-26T20:32:08.000Z ," Retired 1990 Civil Service AF; Realestate agent second profession, retired 2002. ", True , Black Lives Matter THUGS Blocking Emergency Crews From Reaching Hurricane Victims https://t.co/7G2brqlfk0
http://twitter.com/Disastrolizer/statuses/901545433146773504 ,2821226980, None , Trending Disasters ,  , 2017-08-26T20:42:35.000Z , The most trending disaster news as collected by Trendolizer , True , Black Lives Matter THUGS Blocking Emergency Crews From Reaching Hurricane Victims https://t.co/5v6WJ4P6iz https://t.co/PKR9QNHpDh
http://twitter.com/thematrixqueen/statuses/901541267007524865 ,4103752752,144712629, Bronson ,  , 2017-08-26T20:26:02.000Z , The most trending disaster news as collected by Trendolizer , True , RT @thematrixqueen: @cnnbrk REPORT THIS! Black Lives Matter THUGS Blocking Emergency Crews From Reaching Hurricane Victims https://t.co/Whr
http://twitter.com/Ally_Khalse/statuses/901547941843927040 ,148439153, None , Ally Jaxon , Toronto , 2017-08-26T20:52:33.000Z , The most trending disaster news as collected by Trendolizer , True , Black Lives Matter THUGS Blocking Emergency Crews From Reaching Hurricane Victims  https://t.co/6JErq5JUS7 https://t.co/vaKxMY2gX9
http://twitter.com/runningneo122/statuses/901549938496200704 ,76938240, None , Mark Nagle , Florida , 2017-08-26T21:00:29.000Z ," Saved VFF runner trying to eat right, stay healthy and run marathons. DIY-er for anything especially in carpentry and mechanical. Mr. Fix-it. ", True , Black Lives Matter THUGS Blocking Emergency Crews From Reaching Hurricane Victims https://t.co/9n1E9j8TzL
http://twitter.com/Ally_Khalse/statuses/901547941843927040 ,3452957836,148439153, Trump Fix ," Atlanta, GA ", 2017-08-26T20:52:33.000Z , USN Veteran Pro-Israel and Netanyahu. I'm real & pissed off. Follow-backs based on Retweets and Likes. Shook hands with DJT in 2015. #Amazing , True , RT @Ally_Khalse: Black Lives Matter THUGS Blocking Emergency Crews From Reaching Hurricane Victims  https://t.co/6JErq5JUS7 https://t.co/v
http://twitter.com/Ally_Khalse/statuses/901547941843927040 ,2949051936,148439153, Trumps My President ,  , 2017-08-26T20:52:33.000Z ," Love God, my Wife & Kids. Make America Great Again. Tired of career politicians.  Build the Wall. Conceal & Carry Minnesota Vikings fan ", True , RT @Ally_Khalse: Black Lives Matter THUGS Blocking Emergency Crews From Reaching Hurricane Victims  https://t.co/6JErq5JUS7 https://t.co/v
http://twitter.com/Lloyd_Davis/statuses/901553316122959872 ,18648983, None , Lloyd_Davis , Utah , 2017-08-26T21:13:55.000Z ," Love God, my Wife & Kids. Make America Great Again. Tired of career politicians.  Build the Wall. Conceal & Carry Minnesota Vikings fan ", True , Black Lives Matter THUGS Blocking Emergency Crews From Reaching Hurricane Victims: https://t.co/X0zgMU3iF8
http://twitter.com/leoprz2016/statuses/901472719866396673 ,29994459,3545688979, BAM BAM , Walkin on the ceiling. NYC , 2017-08-26T15:53:39.000Z ," Father, Husband, open mind, not religious. #MAGA ", True , RT @leoprz2016: Black Lives Matter THUGS Blocking Emergency Crews From Reaching Hurricane Victims https://t.co/I2KUwECTbX
http://twitter.com/saxophoneman1/statuses/901554003909025792 ,7.71078E+17, None , Frank Bregar ,  , 2017-08-26T21:16:39.000Z ," Father, Husband, open mind, not religious. #MAGA ", True ," @SenSchumer Black Lives Matter THUGS Blocking Emergency Crews From Reaching Hurricane Victims.  Oh, but BLM is not https://t.co/StDcN3TdRN"
http://twitter.com/FrancoDevito6/statuses/901555580933881856 ,9.01216E+17, None , Franco Devito ,  , 2017-08-26T21:22:55.000Z ," Father, Husband, open mind, not religious. #MAGA ", True , Black Lives Matter THUGS Blocking Emergency Crews From Reaching Hurricane Victims https://t.co/la26VrAYed
http://twitter.com/anuna109/statuses/901556267642224640 ,49475369, None , Lori Martin ,  , 2017-08-26T21:25:38.000Z ," Conservative, christian,animal lover, disgusted with what is happening to my country and afraid for my child's future in it! Won't go down without a fight! ", True , Black Lives Matter THUGS Blocking Emergency Crews From Reaching Hurricane Victims https://t.co/gmpyDbtb6Z
http://twitter.com/Jcpcond/statuses/901563042864947200 ,1333110660, None , RXR John , 'Merica! (Cesspool that's CA) , 2017-08-26T21:52:34.000Z ," One American fed up with all govenment intervention, trampling of the Constitution, and sick to death of Democraps & Libturds! Muzzrats need to be expelled! ", True , Jail every one of the POS!!! Black Lives Matter THUGS Blocking Emergency Crews From Reaching Hurricane Victims https://t.co/B3gAQbFHTP
http://twitter.com/Jcpcond/statuses/901563042864947200 ,256481089,1333110660, Deplorable Mike ,  , 2017-08-26T21:52:34.000Z , #ccot free enterprise No more debt! Redistribution of wealth = theft Proud global warming denier! Assimilation not fundamental transformation! No Porn or lists! , True , RT @Jcpcond: Jail every one of the POS!!! Black Lives Matter THUGS Blocking Emergency Crews From Reaching Hurricane Victims https://t.co/B3
http://twitter.com/Jcpcond/statuses/901563042864947200 ,4823106257,1333110660, Deplorable Emi ,  , 2017-08-26T21:52:34.000Z ," Eccentric, nerdy, starving artist. Undocumented Comedian.  Relationship or hallucination? Either way, I'm seeing somebody.   #MAGA ", True , RT @Jcpcond: Jail every one of the POS!!! Black Lives Matter THUGS Blocking Emergency Crews From Reaching Hurricane Victims https://t.co/B3
http://twitter.com/goatman42749/statuses/901567699213586432 ,16898084, None , goatman42749 , horse cave ky 42749 , 2017-08-26T22:11:04.000Z ," 75 yrs young.retired oldfart,some fraging..tea party member cancer survivor ", True , Black Lives Matter THUGS Blocking Emergency Crews From Reaching Hurricane Victims https://t.co/1tzXUwfz7W
http://twitter.com/Jcpcond/statuses/901563042864947200 ,1942253473,1333110660, PJ 4 Trump ," TRUMP, USA ", 2017-08-26T21:52:34.000Z , God. Family. Friends. Vets. Military. Blue. Seniors. Innocents. Good times. With GUNS TO PROTECT THEM ALL - as made necessary. #MilitaryFamily #Autism #Israel  , True , RT @Jcpcond: Jail every one of the POS!!! Black Lives Matter THUGS Blocking Emergency Crews From Reaching Hurricane Victims https://t.co/B3
http://twitter.com/Jcpcond/statuses/901563042864947200 ,14563368,1333110660, Majordomo , Illinois , 2017-08-26T21:52:34.000Z , #POTUS #PresidentTrump #TrumpTrain #2A #MAGA #DrainTheSwamp  #altcoin #nxs http://nexusearth.com  , True , RT @Jcpcond: Jail every one of the POS!!! Black Lives Matter THUGS Blocking Emergency Crews From Reaching Hurricane Victims https://t.co/B3
http://twitter.com/mischabi/statuses/901570458151149568 ,29548812, None , maria cervantes ,  , 2017-08-26T22:22:02.000Z , alkaline by design #Trump2016 #TrumpTrain. Do Not Add To Lists you will be blocked!  , True , How caring and peaceful! Black Lives Matter THUGS Blocking Emergency Crews From Reaching Hurricane Victims https://t.co/rv2sylWiJA
http://twitter.com/mariocagsr/statuses/901572030260174848 ,603051108, None , Mario Caguimbal ,  , 2017-08-26T22:28:17.000Z , alkaline by design #Trump2016 #TrumpTrain. Do Not Add To Lists you will be blocked!  , True , Black Lives Matter THUGS Blocking Emergency Crews From Reaching Hurricane Victims https://t.co/2BhmEspAqL
http://twitter.com/jrchowell/statuses/901584736501592072 ,30203523, None , Julia Howell , USA , 2017-08-26T23:18:46.000Z , alkaline by design #Trump2016 #TrumpTrain. Do Not Add To Lists you will be blocked!  , True , Black Lives Matter THUGS Blocking Emergency Crews From Reaching Hurricane Victims https://t.co/uyHwwwrbfb
http://twitter.com/WyattRCB1/statuses/901592012310306816 ,8.43985E+17, None , Raymond Wyatt ," Las Vegas, NM ", 2017-08-26T23:47:41.000Z ," God, Family, Hardcore Conservative. Patriot, Christian.Respect and Support Military. Christian Biker who Loves Classic Rock.God Bless the U.S.A. ", True , Black Lives Matter THUGS Blocking Emergency Crews From Reaching Hurricane Victims: https://t.co/JkTE6qWvNM
http://twitter.com/jrchowell/statuses/901584736501592072 ,920286001,30203523, Connie Krist ,  , 2017-08-26T23:18:46.000Z ," God, Family, Hardcore Conservative. Patriot, Christian.Respect and Support Military. Christian Biker who Loves Classic Rock.God Bless the U.S.A. ", True , RT @jrchowell: Black Lives Matter THUGS Blocking Emergency Crews From Reaching Hurricane Victims https://t.co/uyHwwwrbfb
http://twitter.com/EdnaMiller3/statuses/901597064282374144 ,570217599, None , Edna Miller ,  , 2017-08-27T00:07:45.000Z ," God, Family, Hardcore Conservative. Patriot, Christian.Respect and Support Military. Christian Biker who Loves Classic Rock.God Bless the U.S.A. ", True , Black Lives Matter THUGS Blocking Emergency Crews From Reaching Hurricane Victims https://t.co/RA1V9h9eeM
http://twitter.com/TolliverClayton/statuses/901600762916200453 ,4026176842, None , The Eisbaer ," Owensboro, KY ", 2017-08-27T00:22:27.000Z ," Retired Soldier, Active lover. Itinerant mentor. If you follow me, then say hello. Get acquainted. ", True , Black Lives Matter THUGS Blocking Emergency Crews From Reaching Hurricane Victims https://t.co/4Ulv2QZ2Gg
http://twitter.com/kypopoloski/statuses/901609010561822720 ,107946974, None , kyle popoloski , san francisco , 2017-08-27T00:55:13.000Z ," Retired Soldier, Active lover. Itinerant mentor. If you follow me, then say hello. Get acquainted. ", True , Black Lives Matter THUGS Blocking Emergency Crews From Reaching Hurricane Victims https://t.co/65WhnnapCb
http://twitter.com/jrchowell/statuses/901584736501592072 ,7.38159E+17,30203523, Silverdove ,  , 2017-08-26T23:18:46.000Z ," Retired Soldier, Active lover. Itinerant mentor. If you follow me, then say hello. Get acquainted. ", True , RT @jrchowell: Black Lives Matter THUGS Blocking Emergency Crews From Reaching Hurricane Victims https://t.co/uyHwwwrbfb
http://twitter.com/Jcpcond/statuses/901563042864947200 ,8.20055E+17,1333110660, Humberto Jorge Lopez ," So Paulo, Brasil ", 2017-08-26T21:52:34.000Z , English/Spanish/Portuguese teacher/translator , True , RT @Jcpcond: Jail every one of the POS!!! Black Lives Matter THUGS Blocking Emergency Crews From Reaching Hurricane Victims https://t.co/B3
http://twitter.com/jupitersgold/statuses/901506086884302849 ,3111670868,95482149, SpotShop Media ," Calgary, Alberta ", 2017-08-26T18:06:14.000Z , *Entrepreneur *Former Broadcaster *Musician - RT's not necessarily an endorsement , True , RT @jupitersgold: 'PROOF THEYRE HOMEGROWN TERRORIST' Black Lives Matter THUGS Blocking Emergency Crews From Reaching Hurricane Victims http
http://twitter.com/jupitersgold/statuses/901506086884302849 ,4716379866,95482149, Boatdood ,  , 2017-08-26T18:06:14.000Z , Don't blame me: I voted Conservative! , True , RT @jupitersgold: 'PROOF THEYRE HOMEGROWN TERRORIST' Black Lives Matter THUGS Blocking Emergency Crews From Reaching Hurricane Victims http
http://twitter.com/jupitersgold/statuses/901506086884302849 ,1924904623,95482149, MooseMan ," Ottawa, Ontario ", 2017-08-26T18:06:14.000Z , A Conservative. Retired small business owner. A proud Canadian. NO SHARIA!!. An Ottawa Senator fan!! Climate change is a scam!!! #MAGA #MCGA , True , RT @jupitersgold: 'PROOF THEYRE HOMEGROWN TERRORIST' Black Lives Matter THUGS Blocking Emergency Crews From Reaching Hurricane Victims http
http://twitter.com/jupitersgold/statuses/901506086884302849 ,7.60928E+17,95482149, Patriot ," Newark, CA ", 2017-08-26T18:06:14.000Z ," A disabled Proud Naturalized American Citizen who respects the Constitution, Law & Order & loves animals! I detest globalists, corrupt politicians & pc. ", True , RT @jupitersgold: 'PROOF THEYRE HOMEGROWN TERRORIST' Black Lives Matter THUGS Blocking Emergency Crews From Reaching Hurricane Victims http
http://twitter.com/jupitersgold/statuses/901506086884302849 ,964678884,95482149, Waxbitch ,  Michigan USA , 2017-08-26T18:06:14.000Z ," Expat. in U.S.A. Choose common sense, laughter & dogs. Patriot. Like anybody who's not a Cunexttuesday. Islam is a cult.  ", True , RT @jupitersgold: 'PROOF THEYRE HOMEGROWN TERRORIST' Black Lives Matter THUGS Blocking Emergency Crews From Reaching Hurricane Victims http
http://twitter.com/jupitersgold/statuses/901506086884302849 ,634127491,95482149, Lyndia Edwards ,  , 2017-08-26T18:06:14.000Z ," Expat. in U.S.A. Choose common sense, laughter & dogs. Patriot. Like anybody who's not a Cunexttuesday. Islam is a cult.  ", True , RT @jupitersgold: 'PROOF THEYRE HOMEGROWN TERRORIST' Black Lives Matter THUGS Blocking Emergency Crews From Reaching Hurricane Victims http
http://twitter.com/kjjohnsn/statuses/901657612105662464 ,896437094, None , Not My Circus ,  , 2017-08-27T04:08:21.000Z , Conservative and Proud White Woman Detest KKK and #Antifa Don't care for Feminazi's either #IStandWithTrump #MAGA , True , Black Lives Matter THUGS Blocking Emergency Crews From Reaching Hurricane Victims https://t.co/fayEetkQO6 #BLM are the most despicable
http://twitter.com/contrarian11/statuses/901487001043652609 ,3044832070,312260303, Tony Wayne Walker ,  , 2017-08-26T16:50:24.000Z , Conservative and Proud White Woman Detest KKK and #Antifa Don't care for Feminazi's either #IStandWithTrump #MAGA , True , RT @contrarian11: Black Lives Matter THUGS Blocking Emergency Crews From Reaching Hurricane Victims https://t.co/ATzNCUBpuB
http://twitter.com/thematrixqueen/statuses/901541267007524865 ,371374004,144712629, Da great ," Lagos, nigeria ", 2017-08-26T20:26:02.000Z , Conservative and Proud White Woman Detest KKK and #Antifa Don't care for Feminazi's either #IStandWithTrump #MAGA , True , RT @thematrixqueen: @cnnbrk REPORT THIS! Black Lives Matter THUGS Blocking Emergency Crews From Reaching Hurricane Victims https://t.co/Whr
http://twitter.com/SGregoryjenkins/statuses/901724836497645568 ,1281623378, None , Pantalon ,  , 2017-08-27T08:35:28.000Z , Conservative and Proud White Woman Detest KKK and #Antifa Don't care for Feminazi's either #IStandWithTrump #MAGA , True , Black Lives Matter THUGS Blocking Emergency Crews From Reaching Hurricane Victims https://t.co/p6UeT415V6
http://twitter.com/GeorgiaKubesh/statuses/901741874565836801 ,430736552, None , Georgia Kubesh ," Rhinelander,Wisconsin ", 2017-08-27T09:43:11.000Z , I love photography and astrology. , True , Black Lives Matter THUGS Blocking Emergency Crews From Reaching Hurricane Victims https://t.co/wqCoVrPAUJ
http://twitter.com/nathanson57/statuses/901752907338575872 ,4218076636, None , Peter Nathanson ," Ile-de-France, France ", 2017-08-27T10:27:01.000Z ," PETER NATHANSON, an American bluesman from Boston, Massachusetts, USA, has his own unique and modern sound. This bluesman,is one of the best of his generation. ", True , Black Lives Matter THUGS Blocking Emergency Crews From Reaching Hurricane Victims https://t.co/aSu9wmsdVD
http://twitter.com/RobertBedo1/statuses/901771707568070656 ,488382884, None , Robert Bedo , Surprise  , 2017-08-27T11:41:43.000Z ," PETER NATHANSON, an American bluesman from Boston, Massachusetts, USA, has his own unique and modern sound. This bluesman,is one of the best of his generation. ", True , Black Lives Matter THUGS Blocking Emergency Crews From Reaching Hurricane Victims https://t.co/y1QXag7fvw
http://twitter.com/Patschef/statuses/901803966597521413 ,14129929, None , Patschef ,  , 2017-08-27T13:49:55.000Z ," PETER NATHANSON, an American bluesman from Boston, Massachusetts, USA, has his own unique and modern sound. This bluesman,is one of the best of his generation. ", True , Black Lives Matter THUGS Blocking Emergency Crews From Reaching Hurricane Victims https://t.co/6cxcaS34yd
http://twitter.com/ILoveAmerica888/statuses/901821949407485953 ,7.56696E+17, None , ILoveAmerica , United States , 2017-08-27T15:01:22.000Z , I'm an American Patriot and Love This Country.  Huge Trump Supporter. , True , Black Lives Matter THUGS Blocking Emergency Crews From Reaching Hurricane Victims - https://t.co/Iff9dSpibB via @Shareaholic
http://twitter.com/AMike4761/statuses/901825080837197824 ,2767680652, None , Mike Allen ," Welland, Canada ", 2017-08-27T15:13:49.000Z , A Canadian who supported Brexit then Trump and wants Canada to follow suit. A hater of Globalism. , True , Black Lives Matter THUGS Blocking Emergency Crews From Reaching Hurricane Victims - FlashAmericanNews  #ma4t  https://t.co/TziZDERdzG
http://twitter.com/AMike4761/statuses/901825080837197824 ,1324899366,2767680652, Covfefe Deplorable ,  , 2017-08-27T15:13:49.000Z , #MAGAx3  #MakeAmericaGreatAgain             One of the Original Deplorables   Reformed Deplorable Democrat #VotedForTrump  #Trump2020    #AmericaFirst , True , RT @AMike4761: Black Lives Matter THUGS Blocking Emergency Crews From Reaching Hurricane Victims - FlashAmericanNews  #ma4t  https://t.co/T
http://twitter.com/AMike4761/statuses/901825080837197824 ,1500110215,2767680652, Hubris Serendipity , Solar System , 2017-08-27T15:13:49.000Z , I tweet therefore I exist. Twitto ergo sum. Ex ore infantium et lactantium...  Ad Absurdum , True , RT @AMike4761: Black Lives Matter THUGS Blocking Emergency Crews From Reaching Hurricane Victims - FlashAmericanNews  #ma4t  https://t.co/T
http://twitter.com/AMike4761/statuses/901825080837197824 ,3033004077,2767680652, Saddle Up! ,  , 2017-08-27T15:13:49.000Z ," Conservative. 2nd Amendment, Socialist Libcrats will be blocked..America doesn't need you!! ", True , RT @AMike4761: Black Lives Matter THUGS Blocking Emergency Crews From Reaching Hurricane Victims - FlashAmericanNews  #ma4t  https://t.co/T
http://twitter.com/AMike4761/statuses/901825080837197824 ,7.671E+17,2767680652, Deplorable Lynne ," Maryland, USA ", 2017-08-27T15:13:49.000Z , Country lady tired of government  corruption. Formerly birdlady1949 until I lost all my passwords. Hoping to reconnect with you. I believe in Trump. , True , RT @AMike4761: Black Lives Matter THUGS Blocking Emergency Crews From Reaching Hurricane Victims - FlashAmericanNews  #ma4t  https://t.co/T
http://twitter.com/AMike4761/statuses/901825080837197824 ,273938671,2767680652, canadian ,  , 2017-08-27T15:13:49.000Z , Love all mankind unless you have an agenda for evil , True , RT @AMike4761: Black Lives Matter THUGS Blocking Emergency Crews From Reaching Hurricane Victims - FlashAmericanNews  #ma4t  https://t.co/T
http://twitter.com/AMike4761/statuses/901825080837197824 ,7.8053E+17,2767680652, Pokeyrosie ,  , 2017-08-27T15:13:49.000Z ," Educated, hardworking! ", True , RT @AMike4761: Black Lives Matter THUGS Blocking Emergency Crews From Reaching Hurricane Victims - FlashAmericanNews  #ma4t  https://t.co/T
http://twitter.com/AMike4761/statuses/901825080837197824 ,8.31633E+17,2767680652, Down Under Voice , Australia , 2017-08-27T15:13:49.000Z ," Proud Australian, Greek Orthodox, Father and love President Trump & President Putin ", True , RT @AMike4761: Black Lives Matter THUGS Blocking Emergency Crews From Reaching Hurricane Victims - FlashAmericanNews  #ma4t  https://t.co/T
http://twitter.com/AMike4761/statuses/901825080837197824 ,1367960106,2767680652, pr brooks , james island , 2017-08-27T15:13:49.000Z ," Proud Australian, Greek Orthodox, Father and love President Trump & President Putin ", True , RT @AMike4761: Black Lives Matter THUGS Blocking Emergency Crews From Reaching Hurricane Victims - FlashAmericanNews  #ma4t  https://t.co/T
http://twitter.com/AMike4761/statuses/901825080837197824 ,1418532182,2767680652, RedskinPride , Redskin Universe , 2017-08-27T15:13:49.000Z ," Honor, Family, Pride, Strength, Courage, Effort #RedskinsTweetTeam. Hail To The Redskins! the greatest pro football brand in sports history. #HTTR Please FBack ", True , RT @AMike4761: Black Lives Matter THUGS Blocking Emergency Crews From Reaching Hurricane Victims - FlashAmericanNews  #ma4t  https://t.co/T
http://twitter.com/AMike4761/statuses/901825080837197824 ,3265487640,2767680652, Deplorable Lothar , Kaleefornia , 2017-08-27T15:13:49.000Z ," I am a 20th century artifact. I micturate on pc, and flatulate in their direction! ", True , RT @AMike4761: Black Lives Matter THUGS Blocking Emergency Crews From Reaching Hurricane Victims - FlashAmericanNews  #ma4t  https://t.co/T
http://twitter.com/AMike4761/statuses/901825080837197824 ,924539689,2767680652, Kambei , Washington DC , 2017-08-27T15:13:49.000Z , Semper Fidelis , True , RT @AMike4761: Black Lives Matter THUGS Blocking Emergency Crews From Reaching Hurricane Victims - FlashAmericanNews  #ma4t  https://t.co/T
http://twitter.com/AMike4761/statuses/901825080837197824 ,7.93455E+17,2767680652, Arnold Ziegler , Costa Rica , 2017-08-27T15:13:49.000Z , Constitution POTUS FLOTUS USMC Veterans TermLimits AOPA PADI 2A NRA VoterID AmericaFirst DefundUN Benghazi ClimateHoax BREXIT #ThePartyOfCriminalsAndTraitors , True , RT @AMike4761: Black Lives Matter THUGS Blocking Emergency Crews From Reaching Hurricane Victims - FlashAmericanNews  #ma4t  https://t.co/T
http://twitter.com/AMike4761/statuses/901825080837197824 ,2502773038,2767680652, margaret bebe ,  , 2017-08-27T15:13:49.000Z , Constitution POTUS FLOTUS USMC Veterans TermLimits AOPA PADI 2A NRA VoterID AmericaFirst DefundUN Benghazi ClimateHoax BREXIT #ThePartyOfCriminalsAndTraitors , True , RT @AMike4761: Black Lives Matter THUGS Blocking Emergency Crews From Reaching Hurricane Victims - FlashAmericanNews  #ma4t  https://t.co/T
http://twitter.com/AMike4761/statuses/901825080837197824 ,8.47476E+17,2767680652, Brian Hill ," Edmonton, Alberta ", 2017-08-27T15:13:49.000Z , Constitution POTUS FLOTUS USMC Veterans TermLimits AOPA PADI 2A NRA VoterID AmericaFirst DefundUN Benghazi ClimateHoax BREXIT #ThePartyOfCriminalsAndTraitors , True , RT @AMike4761: Black Lives Matter THUGS Blocking Emergency Crews From Reaching Hurricane Victims - FlashAmericanNews  #ma4t  https://t.co/T
http://twitter.com/AMike4761/statuses/901825080837197824 ,8.49563E+17,2767680652, Chickn&Trumplins ," Tennessee, USA ", 2017-08-27T15:13:49.000Z ," Americans are like a herd of cattle. Once we concede to the herd mentality, we will be controlled by a tiny few... #stayawake #farmer  #MAGA #GOD #COUNTRY ", True , RT @AMike4761: Black Lives Matter THUGS Blocking Emergency Crews From Reaching Hurricane Victims - FlashAmericanNews  #ma4t  https://t.co/T
http://twitter.com/AMike4761/statuses/901825080837197824 ,4883801255,2767680652, chris bragdon ," New Hampshire, USA ", 2017-08-27T15:13:49.000Z , Trump is president finally!!!  2 all serv & police  ppl past & present thank u 4 'r service! If u don't support Trump don't follow me I will block u... , True , RT @AMike4761: Black Lives Matter THUGS Blocking Emergency Crews From Reaching Hurricane Victims - FlashAmericanNews  #ma4t  https://t.co/T
http://twitter.com/AMike4761/statuses/901825080837197824 ,7.56664E+17,2767680652, EV ,  , 2017-08-27T15:13:49.000Z , Trump is president finally!!!  2 all serv & police  ppl past & present thank u 4 'r service! If u don't support Trump don't follow me I will block u... , True , RT @AMike4761: Black Lives Matter THUGS Blocking Emergency Crews From Reaching Hurricane Victims - FlashAmericanNews  #ma4t  https://t.co/T
http://twitter.com/AMike4761/statuses/901825080837197824 ,3081651703,2767680652, Blessed ,  , 2017-08-27T15:13:49.000Z , Live Life to the Fullest...Enjoy your family....take time for yourself....Follow Jesus...MAGA...2nd Amendment Follower , True , RT @AMike4761: Black Lives Matter THUGS Blocking Emergency Crews From Reaching Hurricane Victims - FlashAmericanNews  #ma4t  https://t.co/T
http://twitter.com/AMike4761/statuses/901825080837197824 ,474784051,2767680652, Armed American. ," Oregon,USA ", 2017-08-27T15:13:49.000Z , Fear no man but God.Patriot Not ur Safe Space #MAGA111%#TrumpArmy #1A #2A#NRA#DraintheSwamp#NoKeyboardtoughguys , True , RT @AMike4761: Black Lives Matter THUGS Blocking Emergency Crews From Reaching Hurricane Victims - FlashAmericanNews  #ma4t  https://t.co/T
http://twitter.com/AMike4761/statuses/901825080837197824 ,7.08789E+17,2767680652, Klmunoz ,  , 2017-08-27T15:13:49.000Z , Huge Trump supporter! please don't add me to list!! I BLOCK ALL LIBTARDS!! FOOTBALL SEASON GO GREENBAY PACKERS!! , True , RT @AMike4761: Black Lives Matter THUGS Blocking Emergency Crews From Reaching Hurricane Victims - FlashAmericanNews  #ma4t  https://t.co/T
http://twitter.com/AMike4761/statuses/901825080837197824 ,8.3841E+17,2767680652, Suzanne Stahl , Michigan  , 2017-08-27T15:13:49.000Z , believe in hard work for #MAGA. woman that's supports all president but truly excited for my vote for Trump , True , RT @AMike4761: Black Lives Matter THUGS Blocking Emergency Crews From Reaching Hurricane Victims - FlashAmericanNews  #ma4t  https://t.co/T
http://twitter.com/AMike4761/statuses/901825080837197824 ,8.23215E+17,2767680652, Me ,  , 2017-08-27T15:13:49.000Z , Deplorable me Christian conservative NRA dog Luvr.TRUMPTRAIN 2020 , True , RT @AMike4761: Black Lives Matter THUGS Blocking Emergency Crews From Reaching Hurricane Victims - FlashAmericanNews  #ma4t  https://t.co/T
http://twitter.com/AMike4761/statuses/901825080837197824 ,1686159229,2767680652, Kev ,  , 2017-08-27T15:13:49.000Z ," HTTR,#RedskinsDrunkTeam #RedskinsDisciple #GoDuke #Birdland #Redvolution #LEGALIZEIT Always listening to the music!!! North Kak is Home ", True , RT @AMike4761: Black Lives Matter THUGS Blocking Emergency Crews From Reaching Hurricane Victims - FlashAmericanNews  #ma4t  https://t.co/T
http://twitter.com/AMike4761/statuses/901825080837197824 ,2663033660,2767680652, Hanna Mantour , United Kingdom , 2017-08-27T15:13:49.000Z , The truth hurts but someone has to tell it.  check out my facebook page , True , RT @AMike4761: Black Lives Matter THUGS Blocking Emergency Crews From Reaching Hurricane Victims - FlashAmericanNews  #ma4t  https://t.co/T
http://twitter.com/ndoles/statuses/901826691156336645 ,29834317, None , Norma Doles , Florida , 2017-08-27T15:20:12.000Z , The truth hurts but someone has to tell it.  check out my facebook page , True , Black Lives Matter THUGS Blocking Emergency Crews From Reaching Hurricane Victims - https://t.co/B5XjDLc9vY via @Shareaholic
http://twitter.com/GregHar59460712/statuses/901826708591960064 ,8.68951E+17, None , JGH FROM AZ ," Cave Creek, AZ ", 2017-08-27T15:20:17.000Z , Libertarian Conservative seeking major government change putting Americans 1st.  Business Owner. Proud family man. #MAGA followed by #GreatAmericans. , True , Black Lives Matter THUGS Blocking Emergency Crews From Reaching Hurricane Victims - https://t.co/HOHx1MaI7i via @Shareaholic
http://twitter.com/AMike4761/statuses/901825080837197824 ,8.68951E+17,2767680652, JGH FROM AZ ," Cave Creek, AZ ", 2017-08-27T15:13:49.000Z , Libertarian Conservative seeking major government change putting Americans 1st.  Business Owner. Proud family man. #MAGA followed by #GreatAmericans. , True , RT @AMike4761: Black Lives Matter THUGS Blocking Emergency Crews From Reaching Hurricane Victims - FlashAmericanNews  #ma4t  https://t.co/T
http://twitter.com/AMike4761/statuses/901825080837197824 ,431590274,2767680652, Flap Zappa ,  , 2017-08-27T15:13:49.000Z , One can only assume that many british voters have somehow been roofied as they have been royally shafted by corbyn. Put me on a list and get blocked , True , RT @AMike4761: Black Lives Matter THUGS Blocking Emergency Crews From Reaching Hurricane Victims - FlashAmericanNews  #ma4t  https://t.co/T
http://twitter.com/AMike4761/statuses/901825080837197824 ,828151412,2767680652, Irish Emerald , Trump/Cruz for President  , 2017-08-27T15:13:49.000Z ," Christian who wants USA back with opportunities for the honest, diligent, and educated.  Warning of the dangers for our daughters. ", True , RT @AMike4761: Black Lives Matter THUGS Blocking Emergency Crews From Reaching Hurricane Victims - FlashAmericanNews  #ma4t  https://t.co/T
http://twitter.com/AMike4761/statuses/901825080837197824 ,89064986,2767680652, Working Deplorable , Trans-Racial Individual , 2017-08-27T15:13:49.000Z ,  , True , RT @AMike4761: Black Lives Matter THUGS Blocking Emergency Crews From Reaching Hurricane Victims - FlashAmericanNews  #ma4t  https://t.co/T
http://twitter.com/AMike4761/statuses/901825080837197824 ,437191797,2767680652, Dovahkiin , Skyrim , 2017-08-27T15:13:49.000Z ," I am just me. I am strong-minded, strong-willed and quite bold when it comes to what is right & wrong. On the Trump Train... ", True , RT @AMike4761: Black Lives Matter THUGS Blocking Emergency Crews From Reaching Hurricane Victims - FlashAmericanNews  #ma4t  https://t.co/T
http://twitter.com/AMike4761/statuses/901825080837197824 ,8.23945E+17,2767680652, Larry Stevens ,  , 2017-08-27T15:13:49.000Z ," I am just me. I am strong-minded, strong-willed and quite bold when it comes to what is right & wrong. On the Trump Train... ", True , RT @AMike4761: Black Lives Matter THUGS Blocking Emergency Crews From Reaching Hurricane Victims - FlashAmericanNews  #ma4t  https://t.co/T
http://twitter.com/AMike4761/statuses/901825080837197824 ,8.40341E+17,2767680652, Juliette Lowe ,  , 2017-08-27T15:13:49.000Z ," Navy Vet, ""Retweets do not equal endorsements"" ", True , RT @AMike4761: Black Lives Matter THUGS Blocking Emergency Crews From Reaching Hurricane Victims - FlashAmericanNews  #ma4t  https://t.co/T
http://twitter.com/AMike4761/statuses/901825080837197824 ,4847689937,2767680652, Donald Dunlap ," Hell, is sufficient ", 2017-08-27T15:13:49.000Z ," An angry Old Man Who No Longer Cares to hear Frankfurt school falsehoods, and leftist garbage. But I Do STILL Block For Stupid. ", True , RT @AMike4761: Black Lives Matter THUGS Blocking Emergency Crews From Reaching Hurricane Victims - FlashAmericanNews  #ma4t  https://t.co/T
http://twitter.com/AMike4761/statuses/901825080837197824 ,8.11067E+17,2767680652, Wen ,  , 2017-08-27T15:13:49.000Z , Small business owner. Mother grandmother middle America  struggled for 8 years  drowning with Obama care works 2 jobs mother of 2 goldens constitutionalist , True , RT @AMike4761: Black Lives Matter THUGS Blocking Emergency Crews From Reaching Hurricane Victims - FlashAmericanNews  #ma4t  https://t.co/T
http://twitter.com/AMike4761/statuses/901825080837197824 ,15208303,2767680652, linkchips ," Langley, BC ", 2017-08-27T15:13:49.000Z , #Christian #conservative #Canadian. #prolife #commonsense #jtnotmypm , True , RT @AMike4761: Black Lives Matter THUGS Blocking Emergency Crews From Reaching Hurricane Victims - FlashAmericanNews  #ma4t  https://t.co/T
http://twitter.com/AMike4761/statuses/901825080837197824 ,16722647,2767680652, skull322 , Classified , 2017-08-27T15:13:49.000Z , Classified ////////////eyes only... , True , RT @AMike4761: Black Lives Matter THUGS Blocking Emergency Crews From Reaching Hurricane Victims - FlashAmericanNews  #ma4t  https://t.co/T
http://twitter.com/AMike4761/statuses/901825080837197824 ,16179166,2767680652, Diana White , The SOUTH (God's country!) , 2017-08-27T15:13:49.000Z , Legal eagle assistant.The Lord is my light & my salvation (Rom. 10:9-10). I love my fairly normal family! God Bless America! , True , RT @AMike4761: Black Lives Matter THUGS Blocking Emergency Crews From Reaching Hurricane Victims - FlashAmericanNews  #ma4t  https://t.co/T
http://twitter.com/AMike4761/statuses/901825080837197824 ,82616432,2767680652, Rep. of ," Mansfield, TX ", 2017-08-27T15:13:49.000Z ," Sinner saved by Grace. #Christian, Constitutional Conservative - LIMITED GOVT! #Texan, Musician, Teacher, Proud Husband & Father. ", True , RT @AMike4761: Black Lives Matter THUGS Blocking Emergency Crews From Reaching Hurricane Victims - FlashAmericanNews  #ma4t  https://t.co/T
http://twitter.com/AMike4761/statuses/901825080837197824 ,1069289803,2767680652, Joseph Campbell , TEXAS , 2017-08-27T15:13:49.000Z , Supporter of the US Constitution and Bill of Rights. Retired Veteran. Loves God. Proud not to support either political Party. Hates Tyranny. Loves Freedom. , True , RT @AMike4761: Black Lives Matter THUGS Blocking Emergency Crews From Reaching Hurricane Victims - FlashAmericanNews  #ma4t  https://t.co/T
http://twitter.com/AMike4761/statuses/901825080837197824 ,2194758303,2767680652, Juanita , Alabama , 2017-08-27T15:13:49.000Z , Supporter of the US Constitution and Bill of Rights. Retired Veteran. Loves God. Proud not to support either political Party. Hates Tyranny. Loves Freedom. , True , RT @AMike4761: Black Lives Matter THUGS Blocking Emergency Crews From Reaching Hurricane Victims - FlashAmericanNews  #ma4t  https://t.co/T
http://twitter.com/AMike4761/statuses/901825080837197824 ,8.23506E+17,2767680652, mark lee ," Lakeland, FL ", 2017-08-27T15:13:49.000Z , I am a redneck cracker. MAGA , True , RT @AMike4761: Black Lives Matter THUGS Blocking Emergency Crews From Reaching Hurricane Victims - FlashAmericanNews  #ma4t  https://t.co/T
http://twitter.com/AMike4761/statuses/901825080837197824 ,8.34842E+17,2767680652, Angelclimber2017 ,  , 2017-08-27T15:13:49.000Z , Honesty and Integrity. Schon and stark...#MAGAWA , True , RT @AMike4761: Black Lives Matter THUGS Blocking Emergency Crews From Reaching Hurricane Victims - FlashAmericanNews  #ma4t  https://t.co/T
http://twitter.com/littlrdragon/statuses/901827793897566209 ,7.33707E+17, None , Dennis ," North Carolina, USA ", 2017-08-27T15:24:35.000Z ," Pro-Trump, HRC Sucks, Retired, 20 yrs. Karate, Antique Car Restoration, AOPA ", True , Black Lives Matter THUGS Blocking Emergency Crews From Reaching Hurricane Victims - FlashAmericanNews - https://t.co/v0FskP7CFI via @Shareac
http://twitter.com/AMike4761/statuses/901825080837197824 ,178005137,2767680652, DAVE ROSA ," San Diego, CA ", 2017-08-27T15:13:49.000Z ," Vice-President Client Relations, Flat Fee Tax Service. Flat Fee Tax Service is the nationwide leader in having an IRS Levy stopped and released. ", True , RT @AMike4761: Black Lives Matter THUGS Blocking Emergency Crews From Reaching Hurricane Victims - FlashAmericanNews  #ma4t  https://t.co/T
http://twitter.com/AMike4761/statuses/901825080837197824 ,2364384368,2767680652, Gina Pavone , United States , 2017-08-27T15:13:49.000Z ," Vice-President Client Relations, Flat Fee Tax Service. Flat Fee Tax Service is the nationwide leader in having an IRS Levy stopped and released. ", True , RT @AMike4761: Black Lives Matter THUGS Blocking Emergency Crews From Reaching Hurricane Victims - FlashAmericanNews  #ma4t  https://t.co/T
http://twitter.com/AMike4761/statuses/901825080837197824 ,731467068,2767680652, Christine ," Florida, USA ", 2017-08-27T15:13:49.000Z , CRUSADER...PATRIOT....Proud Florida Trumpett...waiting with bated breath to #MAGA #TRUMPTRAIN , True , RT @AMike4761: Black Lives Matter THUGS Blocking Emergency Crews From Reaching Hurricane Victims - FlashAmericanNews  #ma4t  https://t.co/T
http://twitter.com/AMike4761/statuses/901825080837197824 ,52989817,2767680652, Isabelle H-Gustafson , Connecticut , 2017-08-27T15:13:49.000Z ," Love music/Singer/Event Coordinator/Designer,Military supporter/Libra-Oct 14th ", True , RT @AMike4761: Black Lives Matter THUGS Blocking Emergency Crews From Reaching Hurricane Victims - FlashAmericanNews  #ma4t  https://t.co/T
http://twitter.com/AMike4761/statuses/901825080837197824 ,24677438,2767680652, Casey ,  , 2017-08-27T15:13:49.000Z ," 25+ years in policy,legislative development.Worked for Ministers on both sides - 'enlightening'. Social Justice was born on the right.lists = instant block ", True , RT @AMike4761: Black Lives Matter THUGS Blocking Emergency Crews From Reaching Hurricane Victims - FlashAmericanNews  #ma4t  https://t.co/T
http://twitter.com/AMike4761/statuses/901825080837197824 ,8.85726E+17,2767680652, Tonikaczor ,  , 2017-08-27T15:13:49.000Z , Government & Politics US News News Politics , True , RT @AMike4761: Black Lives Matter THUGS Blocking Emergency Crews From Reaching Hurricane Victims - FlashAmericanNews  #ma4t  https://t.co/T
http://twitter.com/AMike4761/statuses/901825080837197824 ,4568989032,2767680652, Steve Baker ," Austin, TX ", 2017-08-27T15:13:49.000Z , Deplorded Constitutional Libertarian who loves BACON! , True , RT @AMike4761: Black Lives Matter THUGS Blocking Emergency Crews From Reaching Hurricane Victims - FlashAmericanNews  #ma4t  https://t.co/T
http://twitter.com/AMike4761/statuses/901825080837197824 ,1528566337,2767680652, peter nunn ,  , 2017-08-27T15:13:49.000Z ," im a normal bloke who loves our country, born and bred man utd. ", True , RT @AMike4761: Black Lives Matter THUGS Blocking Emergency Crews From Reaching Hurricane Victims - FlashAmericanNews  #ma4t  https://t.co/T
http://twitter.com/AMike4761/statuses/901825080837197824 ,7.42874E+17,2767680652, N_AmerSolutions , United States , 2017-08-27T15:13:49.000Z ," im a normal bloke who loves our country, born and bred man utd. ", True , RT @AMike4761: Black Lives Matter THUGS Blocking Emergency Crews From Reaching Hurricane Victims - FlashAmericanNews  #ma4t  https://t.co/T
http://twitter.com/AMike4761/statuses/901825080837197824 ,3524001795,2767680652, Stephanie Reed ,  , 2017-08-27T15:13:49.000Z , Republican.  MAGA  love our president!!#2020 #trump , True , RT @AMike4761: Black Lives Matter THUGS Blocking Emergency Crews From Reaching Hurricane Victims - FlashAmericanNews  #ma4t  https://t.co/T
http://twitter.com/AMike4761/statuses/901825080837197824 ,63219728,2767680652, PistolPackingInfidel ,  , 2017-08-27T15:13:49.000Z , #NRA Lifer I sit on my own fence! I share Thomas Jefferson's DNA #ProfessionalCatHerder  NO LISTS!! RT does not = endorsement , True , RT @AMike4761: Black Lives Matter THUGS Blocking Emergency Crews From Reaching Hurricane Victims - FlashAmericanNews  #ma4t  https://t.co/T
http://twitter.com/AMike4761/statuses/901825080837197824 ,3440646155,2767680652, Denise , HILLARY ORDERED:KILL SETH RICH , 2017-08-27T15:13:49.000Z , B.A. from Wellesley College; J.D. from U. Mass School of Law; Author; Artist; blogger; Pro-Life; Pro-Gun; ANTI-NWO/Luciferians; Christian. , True , RT @AMike4761: Black Lives Matter THUGS Blocking Emergency Crews From Reaching Hurricane Victims - FlashAmericanNews  #ma4t  https://t.co/T
http://twitter.com/gal_deplorable/statuses/901828305875238918 ,7.87661E+17, None , DeplorableMidwestGal , Middle America , 2017-08-27T15:26:37.000Z ," Christian, Patriot, Mother, Wife  Don't feed the trolls, let em starve. #MAGA #ENDTHECORRUPTION #StandWithIsrael #1A #2A  ", True , Black Lives Matter THUGS Blocking Emergency Crews From Reaching Hurricane Victims - https://t.co/RnnBxzCi1q
http://twitter.com/AMike4761/statuses/901825080837197824 ,499705581,2767680652, Peggy Callahan ," Bluffton, SC ", 2017-08-27T15:13:49.000Z ," Married, conservative, pro life all the way! Mother of 4 grown married children, 9 grand babies with 1 more on the way! I want to make America great for them! ", True , RT @AMike4761: Black Lives Matter THUGS Blocking Emergency Crews From Reaching Hurricane Victims - FlashAmericanNews  #ma4t  https://t.co/T
http://twitter.com/AMike4761/statuses/901825080837197824 ,260549383,2767680652, Canadians are dumb! ,  , 2017-08-27T15:13:49.000Z ," Married, conservative, pro life all the way! Mother of 4 grown married children, 9 grand babies with 1 more on the way! I want to make America great for them! ", True , RT @AMike4761: Black Lives Matter THUGS Blocking Emergency Crews From Reaching Hurricane Victims - FlashAmericanNews  #ma4t  https://t.co/T
http://twitter.com/AMike4761/statuses/901825080837197824 ,3311745342,2767680652, Steven B. Lofton ," Los Angeles, CA ", 2017-08-27T15:13:49.000Z , Publisher/Author&Republican since the 1980's. Am an American who believes this is a Nation of laws. http://amzn.to/2ctvI96 , True , RT @AMike4761: Black Lives Matter THUGS Blocking Emergency Crews From Reaching Hurricane Victims - FlashAmericanNews  #ma4t  https://t.co/T
http://twitter.com/AMike4761/statuses/901825080837197824 ,2988979741,2767680652, JJ WW GG ,  , 2017-08-27T15:13:49.000Z , Publisher/Author&Republican since the 1980's. Am an American who believes this is a Nation of laws. http://amzn.to/2ctvI96 , True , RT @AMike4761: Black Lives Matter THUGS Blocking Emergency Crews From Reaching Hurricane Victims - FlashAmericanNews  #ma4t  https://t.co/T
http://twitter.com/AMike4761/statuses/901825080837197824 ,4041797818,2767680652, Tammie Hilton ," Orlando, FL ", 2017-08-27T15:13:49.000Z ," RN, Mom, I love God, USA and Trump! I support Law Enforcement, Veterans and Israel! I'm not looking for a date so do not DM me and call me dear.  #Trumpsarmy ", True , RT @AMike4761: Black Lives Matter THUGS Blocking Emergency Crews From Reaching Hurricane Victims - FlashAmericanNews  #ma4t  https://t.co/T
http://twitter.com/AMike4761/statuses/901825080837197824 ,4877263391,2767680652, Suzetta Stone ," Little Rock, AR ", 2017-08-27T15:13:49.000Z , #peace #love #compassion #empathy #hope #liberty #freedom #libertarian #MAGA , True , RT @AMike4761: Black Lives Matter THUGS Blocking Emergency Crews From Reaching Hurricane Victims - FlashAmericanNews  #ma4t  https://t.co/T
http://twitter.com/AMike4761/statuses/901825080837197824 ,1623557642,2767680652, countrylace1776 , Nebraska , 2017-08-27T15:13:49.000Z ," Colorado born and raised. Retired nurse. Retired federal employee.Patriot Catholic Conservatism Support NRA . Armed forces, Constitution ", True , RT @AMike4761: Black Lives Matter THUGS Blocking Emergency Crews From Reaching Hurricane Victims - FlashAmericanNews  #ma4t  https://t.co/T
http://twitter.com/AMike4761/statuses/901825080837197824 ,3368523225,2767680652, LoveALittleRain ,  , 2017-08-27T15:13:49.000Z , Put Obama & Co. in prison. Respect our Laws or get the hell out. No Perverts in my bathroom. Not Pro Gay I'm 100% female so don't send me your Moms nude pics , True , RT @AMike4761: Black Lives Matter THUGS Blocking Emergency Crews From Reaching Hurricane Victims - FlashAmericanNews  #ma4t  https://t.co/T
http://twitter.com/AMike4761/statuses/901825080837197824 ,1853199265,2767680652, jeanne pinkman , Pennsyltucky , 2017-08-27T15:13:49.000Z , END the PC Nightmare forced upon us by the LEFT--it is Killing Our Freedom of Speech-We Will NOT stand for this  Any Longer                   Live FREE or Die? , True , RT @AMike4761: Black Lives Matter THUGS Blocking Emergency Crews From Reaching Hurricane Victims - FlashAmericanNews  #ma4t  https://t.co/T
http://twitter.com/AMike4761/statuses/901825080837197824 ,8.47121E+17,2767680652, mote.T ," Kettering, England ", 2017-08-27T15:13:49.000Z ," Hi  if you don,t like what i tweet walk on buy my wall my thoughts hate the way my Country is going thanks to the Gov and all MP,s time to close the boarders ", True , RT @AMike4761: Black Lives Matter THUGS Blocking Emergency Crews From Reaching Hurricane Victims - FlashAmericanNews  #ma4t  https://t.co/T
http://twitter.com/AMike4761/statuses/901825080837197824 ,4865661046,2767680652, Dilysetc ,  , 2017-08-27T15:13:49.000Z ," ""The wit and intellect of @dilysetc are celebrated throughout the civilised world. And Croydon"" @bruvvereccles - #savdpusson ", True , RT @AMike4761: Black Lives Matter THUGS Blocking Emergency Crews From Reaching Hurricane Victims - FlashAmericanNews  #ma4t  https://t.co/T
http://twitter.com/gotapointtomake/statuses/901828805408440320 ,7.42181E+17, None , DeplorableMarie ," California, USA ", 2017-08-27T15:28:37.000Z , #PresidentTrump  #TrumpTrain #MAGA #BackTheBlue #Trump2020#StopCrookedHillary #PedoGate #USVETERANS http://vets4childrescue.org/about-us.html , True , Black Lives Matter THUGS Blocking Emergency Crews From Reaching Hurricane Victims - FlashAmericanNews https://t.co/rwJq0viHJa
http://twitter.com/AMike4761/statuses/901825080837197824 ,7.42705E+17,2767680652, Paula Pudiak ,  , 2017-08-27T15:13:49.000Z , #PresidentTrump  #TrumpTrain #MAGA #BackTheBlue #Trump2020#StopCrookedHillary #PedoGate #USVETERANS http://vets4childrescue.org/about-us.html , True , RT @AMike4761: Black Lives Matter THUGS Blocking Emergency Crews From Reaching Hurricane Victims - FlashAmericanNews  #ma4t  https://t.co/T
http://twitter.com/AMike4761/statuses/901825080837197824 ,902229428,2767680652, Lesa M. Bible ," Fairview Heights, IL 62208 ", 2017-08-27T15:13:49.000Z , In a Relationship. Conservative. @POTUS IS MY PRESIDENT. #MAGA. WATCH @InfoWars & @SeanHannity. NEVER WATCH #FakeNewsCNN  Will block porn & dating sites. , True , RT @AMike4761: Black Lives Matter THUGS Blocking Emergency Crews From Reaching Hurricane Victims - FlashAmericanNews  #ma4t  https://t.co/T
http://twitter.com/AMike4761/statuses/901825080837197824 ,2250489164,2767680652, BEAST ON THE HILL , Atlantic sector , 2017-08-27T15:13:49.000Z , Highlighting hypocrisy and untwisting the spin.  Don't expect mainstream consensus on this tweet channel. , True , RT @AMike4761: Black Lives Matter THUGS Blocking Emergency Crews From Reaching Hurricane Victims - FlashAmericanNews  #ma4t  https://t.co/T
http://twitter.com/AMike4761/statuses/901825080837197824 ,4912907644,2767680652, winniecharliesmom. , United Kingdom.Ulster , 2017-08-27T15:13:49.000Z , My son Rocks his Extra Chromosome  #Savingdownsyndrome. RANGERS/CHELSEA FC BREXIT TRUMP , True , RT @AMike4761: Black Lives Matter THUGS Blocking Emergency Crews From Reaching Hurricane Victims - FlashAmericanNews  #ma4t  https://t.co/T
http://twitter.com/AMike4761/statuses/901825080837197824 ,8.20291E+17,2767680652, James ,  , 2017-08-27T15:13:49.000Z , Proud American   #MAGA  , True , RT @AMike4761: Black Lives Matter THUGS Blocking Emergency Crews From Reaching Hurricane Victims - FlashAmericanNews  #ma4t  https://t.co/T
http://twitter.com/AMike4761/statuses/901825080837197824 ,7.42181E+17,2767680652, DeplorableMarie ," California, USA ", 2017-08-27T15:13:49.000Z , #PresidentTrump  #TrumpTrain #MAGA #BackTheBlue #Trump2020#StopCrookedHillary #PedoGate #USVETERANS http://vets4childrescue.org/about-us.html , True , RT @AMike4761: Black Lives Matter THUGS Blocking Emergency Crews From Reaching Hurricane Victims - FlashAmericanNews  #ma4t  https://t.co/T
http://twitter.com/AMike4761/statuses/901825080837197824 ,7.67005E+17,2767680652, Trump 2020 ,  , 2017-08-27T15:13:49.000Z ," Happy Wife & Mom anti-DoubleThink,#MAGA,#BuildThatWall, #DrainTheSwamp,#AmericaFirst, #CNNisISIS,#TravelBan,CultureWar BanIslam  ", True , RT @AMike4761: Black Lives Matter THUGS Blocking Emergency Crews From Reaching Hurricane Victims - FlashAmericanNews  #ma4t  https://t.co/T
http://twitter.com/AMike4761/statuses/901825080837197824 ,879598382,2767680652, Tommy Scroggins ,  , 2017-08-27T15:13:49.000Z ," Father of 2 sons,  God & USA! Thank you, to all of U.S. Military Troops & Veterans! #OperationSmile #CureChildCancer #EndAlz #GiveBlood #Braves ", True , RT @AMike4761: Black Lives Matter THUGS Blocking Emergency Crews From Reaching Hurricane Victims - FlashAmericanNews  #ma4t  https://t.co/T
http://twitter.com/AMike4761/statuses/901825080837197824 ,7.65307E+17,2767680652, Sansa ,  , 2017-08-27T15:13:49.000Z ," PRESIDENT TRUMP#MAGA #MILITARY #AMERICA FIRST DO NOT TOLERATE #FAKENEWS  OUR VETS! MY FATHER, HUSBAND, AND NOW SON DEFEND YOUR FREEDOM. ", True , RT @AMike4761: Black Lives Matter THUGS Blocking Emergency Crews From Reaching Hurricane Victims - FlashAmericanNews  #ma4t  https://t.co/T
http://twitter.com/AMike4761/statuses/901825080837197824 ,2735492344,2767680652, Katarzyna Natkaniec ," New York, USA ", 2017-08-27T15:13:49.000Z , #MAGA , True , RT @AMike4761: Black Lives Matter THUGS Blocking Emergency Crews From Reaching Hurricane Victims - FlashAmericanNews  #ma4t  https://t.co/T
http://twitter.com/gal_deplorable/statuses/901828305875238918 ,1495747434,7.88E+17, Pragmatist ,  , 2017-08-27T15:26:37.000Z , Voter Without a Party. R.I.P. GOP , True , RT @gal_deplorable: Black Lives Matter THUGS Blocking Emergency Crews From Reaching Hurricane Victims - https://t.co/RnnBxzCi1q